{
    "counter": {
        "ACTIVE": 18771,
        "INACTIVE": 2229,
        "INVALID": 0,
        "MALICIOUS": 0,
        "SANE": 0,
        "VALID": 0,
        "total": 21000
    },
    "percentage": {
        "ACTIVE": 89.38571428571429,
        "INACTIVE": 10.615802257465353,
        "INVALID": 0,
        "MALICIOUS": 0,
        "SANE": 0,
        "VALID": 0,
        "total": 100.00151654317963
    }
}