{
    "counter": {
        "ACTIVE": 18040,
        "INACTIVE": 2959,
        "INVALID": 1,
        "MALICIOUS": 0,
        "SANE": 0,
        "VALID": 0,
        "total": 21000
    },
    "percentage": {
        "ACTIVE": 85.9047619047619,
        "INACTIVE": 14.091147197485595,
        "INVALID": 0.00925497454881999,
        "MALICIOUS": 0,
        "SANE": 0,
        "VALID": 0,
        "total": 100.00516407679632
    }
}