{
    "counter": {
        "ACTIVE": 19690,
        "INACTIVE": 1310,
        "INVALID": 0,
        "MALICIOUS": 0,
        "SANE": 0,
        "VALID": 0,
        "total": 21000
    },
    "percentage": {
        "ACTIVE": 93.76190476190476,
        "INACTIVE": 6.247913387704488,
        "INVALID": 0,
        "MALICIOUS": 0,
        "SANE": 0,
        "VALID": 0,
        "total": 100.00981814960925
    }
}