{
    "counter": {
        "ACTIVE": 19270,
        "INACTIVE": 1730,
        "INVALID": 0,
        "MALICIOUS": 0,
        "SANE": 0,
        "VALID": 0,
        "total": 21000
    },
    "percentage": {
        "ACTIVE": 91.76190476190476,
        "INACTIVE": 8.23927227699195,
        "INVALID": 0,
        "MALICIOUS": 0,
        "SANE": 0,
        "VALID": 0,
        "total": 100.00117703889671
    }
}