{
    "counter": {
        "ACTIVE": 16708,
        "INACTIVE": 4290,
        "INVALID": 2,
        "MALICIOUS": 0,
        "SANE": 0,
        "VALID": 0,
        "total": 21000
    },
    "percentage": {
        "ACTIVE": 79.56190476190476,
        "INACTIVE": 20.43927771689933,
        "INVALID": 0.01486104919007282,
        "MALICIOUS": 0,
        "SANE": 0,
        "VALID": 0,
        "total": 100.01604352799416
    }
}