{
    "counter": {
        "ACTIVE": 17276,
        "INACTIVE": 3722,
        "INVALID": 2,
        "MALICIOUS": 0,
        "SANE": 0,
        "VALID": 0,
        "total": 21000
    },
    "percentage": {
        "ACTIVE": 82.26666666666667,
        "INACTIVE": 17.72634185836072,
        "INVALID": 0.013048868010700071,
        "MALICIOUS": 0,
        "SANE": 0,
        "VALID": 0,
        "total": 100.00605739303809
    }
}