{
    "counter": {
        "ACTIVE": 19099,
        "INACTIVE": 1901,
        "INVALID": 0,
        "MALICIOUS": 0,
        "SANE": 0,
        "VALID": 0,
        "total": 21000
    },
    "percentage": {
        "ACTIVE": 90.94761904761904,
        "INACTIVE": 9.053674334428727,
        "INVALID": 0,
        "MALICIOUS": 0,
        "SANE": 0,
        "VALID": 0,
        "total": 100.00129338204778
    }
}