{
    "counter": {
        "ACTIVE": 19451,
        "INACTIVE": 1549,
        "INVALID": 0,
        "MALICIOUS": 0,
        "SANE": 0,
        "VALID": 0,
        "total": 21000
    },
    "percentage": {
        "ACTIVE": 92.62380952380953,
        "INACTIVE": 7.377244368243082,
        "INVALID": 0,
        "MALICIOUS": 0,
        "SANE": 0,
        "VALID": 0,
        "total": 100.00105389205261
    }
}